{"cameraMode":{"drawMode":0,"name":"Shaded","section":"Shading Mode"},"sceneLighting":false,"audioPlay":false,"sceneViewState":{"m_AlwaysRefresh":false,"showFog":true,"showSkybox":false,"showFlares":true,"showImageEffects":true,"showParticleSystems":true,"showVisualEffectGraphs":true,"m_FxEnabled":true},"in2DMode":false,"pivot":{"x":102.52167510986328,"y":0.5325644612312317,"z":-630.0028686523438},"rotation":{"x":0.0059030260890722279,"y":-0.17902642488479615,"z":0.0010741715086624027,"w":0.9838263392448425},"size":1.6415294408798218,"orthographic":false}