{"cameraMode":{"drawMode":0,"name":"Shaded","section":"Shading Mode"},"sceneLighting":false,"audioPlay":false,"sceneViewState":{"m_AlwaysRefresh":false,"showFog":true,"showSkybox":false,"showFlares":true,"showImageEffects":true,"showParticleSystems":true,"showVisualEffectGraphs":true,"m_FxEnabled":true},"in2DMode":false,"pivot":{"x":109.85086059570313,"y":0.05634164810180664,"z":-632.3049926757813},"rotation":{"x":0.02941083535552025,"y":0.9599055647850037,"z":-0.11020536720752716,"w":0.2561217248439789},"size":0.8660253882408142,"orthographic":false}