{"cameraMode":{"drawMode":0,"name":"Shaded","section":"Shading Mode"},"sceneLighting":false,"audioPlay":false,"sceneViewState":{"m_AlwaysRefresh":false,"showFog":true,"showSkybox":false,"showFlares":true,"showImageEffects":true,"showParticleSystems":true,"showVisualEffectGraphs":true,"m_FxEnabled":true},"in2DMode":false,"pivot":{"x":112.87527465820313,"y":1.4833766222000123,"z":-639.5117797851563},"rotation":{"x":0.08240635693073273,"y":0.0020946671720594169,"z":-0.00017315661534667015,"w":0.9965971112251282},"size":1.7882676124572755,"orthographic":true}