{"cameraMode":{"drawMode":0,"name":"Shaded","section":"Shading Mode"},"sceneLighting":false,"audioPlay":false,"sceneViewState":{"m_AlwaysRefresh":false,"showFog":true,"showSkybox":false,"showFlares":true,"showImageEffects":true,"showParticleSystems":true,"showVisualEffectGraphs":true,"m_FxEnabled":true},"in2DMode":false,"pivot":{"x":-99.44097900390625,"y":-138.09097290039063,"z":451.37359619140627},"rotation":{"x":0.15228793025016786,"y":-0.03853464499115944,"z":0.005942242220044136,"w":0.9875669479370117},"size":442.7933044433594,"orthographic":false}